Feature,Importance
DurationMinutes,0.20812745937977162
Destination,0.19661825102594926
Total_Stops,0.1273072597414169
Source,0.08697093577817576
Airline,0.08447373453418014
DepartureHour,0.08426705180681088
AirlineID,0.07684377888616667
DepartureDay,0.04852881431630042
DayOfWeek,0.026847077494986472
DepartureWeekday,0.02632893108782478
DepartureMonth,0.02625294013884334
IsWeekend,0.007433765809573825
