Feature,Importance
DurationMinutes,0.2526092725387947
Airline,0.14519406308903565
AirlineID,0.141226249386954
Total_Stops,0.13865871481271044
DepartureMonth,0.08897897543531931
DepartureDay,0.07037585659386397
Source,0.047636173587618014
DepartureHour,0.03887294069293454
Destination,0.03495183705622637
DepartureWeekday,0.019677958955568377
DayOfWeek,0.01814067532597749
IsWeekend,0.003677282524997234
